Name,Type,Downloads
University of Southern California,Education,9
Indian Institute of Technology (IIT) Guwahati,Education,3
Seattle Pacific University,Education,3
Fondation RESTENA,Organization,3
New York University,Education,2
Arizona State University,Education,2
University of California at Berkeley,Education,2
National Aeronautics and Space Administration,Government,2
Solnet BB Vae Ankara,Commercial,2
Universitat de Barcelona,Education,2
Tubitak Uzay,Government,2
Consortium GARR,Education,2
"CNRS Centre de Calcul de l'In2P3",Education,2
Prime Networks,Commercial,2
Grace Teleinfra Pvt Ltd,Commercial,2
Red de Interconexion Universitaria,Education,1
University of Texas at Austin,Education,1
University of Maryland,Education,1
Virginia Polytechnic Institute and State Univ.,Education,1
Ludwig-Maximilians-Universitaet Muenchen,Education,1
Brown University,Education,1
University of Kwazulu-Natal,Education,1
Washington School Information Processing Cooperative,Education,1
University of Kent,Education,1
University of Hertfordshire,Education,1
Red Universitaria Nacional,Education,1
California Institute of Technology,Education,1
University of Hawaii,Education,1
Cranfield University,Education,1
Leiden University,Education,1
University of Liverpool,Education,1
Fermi National Accelerator Laboratory,Government,1
University of Essex,Education,1
University of Turku,Education,1
Seattle Public Library,Library,1
Southern University,Education,1
Akademska mreza Republike Srbije - AMRES,Education,1
Media Commerce Partners S.A,Commercial,1
Stiftung Preussischer Kulturbesitz,Organization,1
Insper Instituto de Ensino e Pesquisa,Education,1
Technical University of Gdansk Academic Computer Center Task,Education,1
Palo Alto Networks Inc,Commercial,1
AVK-Wellcom Ltd.,Commercial,1
KISTI,Government,1
Gama Electronics d.o.o.,Commercial,1
The University of Manchester,Education,1
North West University,Education,1
Power Grid Corporation of India Limited,Commercial,1
Microage - WS Tyler,Commercial,1
"Universita' degli Studi di Genova",Commercial,1
Poste Italiane S.p.A.,Commercial,1
Wish Trip Private Lmited,Commercial,1
Netrun Technologies Pvt Ltd,Commercial,1
Shivansh Infotech Pvt Ltd,Commercial,1
Vishwamani Solutions,Commercial,1
DA International Group Ltd.,Commercial,1
Life Tecnologia Ltda.,Commercial,1
University of Warwick,Education,1
Keenan Development Group,Commercial,1
Badan Riset dan Inovasi Nasional,Government,1
G Net,Organization,1
University of Liege,Education,1
SWPS Uniwersytet Humanistycznospoleczny,Education,1
Weizmann,Education,1
European Space Research and Technology Centre,Organization,1
Java Farm Supply Inc,Commercial,1
ABC Travel Service E.K.,Commercial,1
Synergy Peak LLC,Commercial,1
Equinox Technologies LLC,Commercial,1